ID,Year,Month,TransportType,PassengerTraffic,global_id,Month_num,Data
1,2019,Январь,Автобус,93017249,2493438533,01,2019-01-01
2,2019,Январь,Трамвай,16851856,2493438534,01,2019-01-01
3,2019,Январь,Троллейбус,13241379,2493438535,01,2019-01-01
4,2019,Январь,Электробус,472840,2493438536,01,2019-01-01
5,2019,Январь,Московский метрополитен,185698294,2493438537,01,2019-01-01
6,2019,Январь,Московское центральное кольцо,7227364,2493438538,01,2019-01-01
7,2019,Февраль,Автобус,100185579,2493438539,02,2019-02-01
8,2019,Февраль,Трамвай,18239165,2493438540,02,2019-02-01
9,2019,Февраль,Троллейбус,14286051,2493438541,02,2019-02-01
10,2019,Февраль,Электробус,610208,2493438542,02,2019-02-01
11,2019,Февраль,Московский метрополитен,195593495,2493438543,02,2019-02-01
12,2019,Февраль,Московское центральное кольцо,8076174,2493438544,02,2019-02-01
13,2019,Март,Автобус,110009277,2493438545,03,2019-03-01
14,2019,Март,Трамвай,20424685,2493438546,03,2019-03-01
15,2019,Март,Троллейбус,15687851,2493438547,03,2019-03-01
16,2019,Март,Электробус,815606,2493438548,03,2019-03-01
17,2019,Март,Московский метрополитен,214547007,2493438549,03,2019-03-01
18,2019,Март,Московское центральное кольцо,8818578,2493438550,03,2019-03-01
19,2019,Апрель,Автобус,110482817,2493438551,04,2019-04-01
20,2019,Апрель,Трамвай,21283179,2493438552,04,2019-04-01
21,2019,Апрель,Троллейбус,15965669,2493438553,04,2019-04-01
22,2019,Апрель,Электробус,1097579,2493438554,04,2019-04-01
23,2019,Апрель,Московский метрополитен,220410081,2493438555,04,2019-04-01
24,2019,Апрель,Московское центральное кольцо,9781828,2493438556,04,2019-04-01
25,2019,Май,Автобус,94875343,2493438557,05,2019-05-01
26,2019,Май,Трамвай,18087776,2493438558,05,2019-05-01
27,2019,Май,Троллейбус,12967938,2493438559,05,2019-05-01
28,2019,Май,Электробус,1238825,2493438560,05,2019-05-01
29,2019,Май,Московский метрополитен,197948203,2493438561,05,2019-05-01
30,2019,Май,Московское центральное кольцо,8812786,2493438562,05,2019-05-01
31,2019,Июнь,Автобус,88137415,2493438563,06,2019-06-01
32,2019,Июнь,Трамвай,17135891,2493438564,06,2019-06-01
33,2019,Июнь,Троллейбус,11446340,2493438565,06,2019-06-01
34,2019,Июнь,Электробус,1533879,2493438566,06,2019-06-01
35,2019,Июнь,Московский метрополитен,192981422,2493438567,06,2019-06-01
36,2019,Июнь,Московское центральное кольцо,8546506,2493438568,06,2019-06-01
37,2019,Июль,Автобус,89660196,2493438569,07,2019-07-01
38,2019,Июль,Трамвай,16504299,2493438570,07,2019-07-01
39,2019,Июль,Троллейбус,11375844,2493438571,07,2019-07-01
40,2019,Июль,Электробус,1978336,2493438572,07,2019-07-01
41,2019,Июль,Московский метрополитен,195544540,2493438573,07,2019-07-01
42,2019,Июль,Московское центральное кольцо,8706549,2493438574,07,2019-07-01
43,2019,Август,Автобус,90775741,2493438575,08,2019-08-01
44,2019,Август,Трамвай,14683203,2493438576,08,2019-08-01
45,2019,Август,Троллейбус,11145117,2493438577,08,2019-08-01
46,2019,Август,Электробус,2351887,2493438578,08,2019-08-01
47,2019,Август,Московский метрополитен,190712759,2493438579,08,2019-08-01
48,2019,Август,Московское центральное кольцо,8448720,2493438580,08,2019-08-01
49,2019,Сентябрь,Автобус,101764004,2493438581,09,2019-09-01
50,2019,Сентябрь,Трамвай,16780913,2493438582,09,2019-09-01
51,2019,Сентябрь,Троллейбус,12024176,2493438583,09,2019-09-01
52,2019,Сентябрь,Электробус,2873189,2493438584,09,2019-09-01
53,2019,Сентябрь,Московский метрополитен,208873418,2493438585,09,2019-09-01
54,2019,Сентябрь,Московское центральное кольцо,9159090,2493438586,09,2019-09-01
55,2019,Октябрь,Автобус,115523924,2493438587,10,2019-10-01
56,2019,Октябрь,Трамвай,17309875,2493438588,10,2019-10-01
57,2019,Октябрь,Троллейбус,13084215,2493438589,10,2019-10-01
58,2019,Октябрь,Электробус,3560079,2493438590,10,2019-10-01
59,2019,Октябрь,Московский метрополитен,230903176,2493438591,10,2019-10-01
60,2019,Октябрь,Московское центральное кольцо,10737375,2493438592,10,2019-10-01
61,2019,Ноябрь,Автобус,107896747,2493438593,11,2019-11-01
62,2019,Ноябрь,Трамвай,15940706,2493438594,11,2019-11-01
63,2019,Ноябрь,Троллейбус,11910326,2493438595,11,2019-11-01
64,2019,Ноябрь,Электробус,3514314,2493438596,11,2019-11-01
65,2019,Ноябрь,Московский метрополитен,215330844,2493438597,11,2019-11-01
66,2019,Ноябрь,Московское центральное кольцо,9976792,2493438598,11,2019-11-01
67,2019,Декабрь,Автобус,111678804,2493438599,12,2019-12-01
68,2019,Декабрь,Трамвай,19549852,2493438600,12,2019-12-01
69,2019,Декабрь,Троллейбус,11904727,2493438601,12,2019-12-01
70,2019,Декабрь,Электробус,4125488,2493438602,12,2019-12-01
71,2019,Декабрь,Московский метрополитен,229860660,2493438603,12,2019-12-01
72,2019,Декабрь,Московское центральное кольцо,10280834,2493438604,12,2019-12-01
73,2020,Январь,Автобус,95275251,2493438605,01,2020-01-01
74,2020,Январь,Трамвай,17002406,2493438606,01,2020-01-01
75,2020,Январь,Троллейбус,10454893,2493438607,01,2020-01-01
76,2020,Январь,Электробус,3632911,2493438608,01,2020-01-01
77,2020,Январь,Московский метрополитен,190424560,2493438609,01,2020-01-01
78,2020,Январь,Московское центральное кольцо,8433745,2493438610,01,2020-01-01
79,2020,Февраль,Автобус,101341914,2493438611,02,2020-02-01
80,2020,Февраль,Трамвай,18362856,2493438612,02,2020-02-01
81,2020,Февраль,Троллейбус,10850174,2493438613,02,2020-02-01
82,2020,Февраль,Электробус,4099227,2493438614,02,2020-02-01
83,2020,Февраль,Московский метрополитен,198480020,2493438615,02,2020-02-01
84,2020,Февраль,Московское центральное кольцо,9223993,2493438616,02,2020-02-01
85,2020,Март,Автобус,87027384,2493438617,03,2020-03-01
86,2020,Март,Трамвай,15285872,2493438618,03,2020-03-01
87,2020,Март,Троллейбус,8906801,2493438619,03,2020-03-01
88,2020,Март,Электробус,3789628,2493438620,03,2020-03-01
89,2020,Март,Московский метрополитен,162977376,2493438621,03,2020-03-01
90,2020,Март,Московское центральное кольцо,8091998,2493438624,03,2020-03-01
91,2020,Апрель,Автобус,18960075,2493438627,04,2020-04-01
92,2020,Апрель,Трамвай,3132020,2493438630,04,2020-04-01
93,2020,Апрель,Троллейбус,1879416,2493438634,04,2020-04-01
94,2020,Апрель,Электробус,825417,2493438636,04,2020-04-01
95,2020,Апрель,Московский метрополитен,30968842,2493438639,04,2020-04-01
96,2020,Апрель,Московское центральное кольцо,1788106,2493438643,04,2020-04-01
97,2020,Май,Автобус,20769651,2493438647,05,2020-05-01
98,2020,Май,Трамвай,3533469,2493438651,05,2020-05-01
99,2020,Май,Троллейбус,1889547,2493438654,05,2020-05-01
100,2020,Май,Электробус,1050792,2493438659,05,2020-05-01
101,2020,Май,Московский метрополитен,37153302,2493438661,05,2020-05-01
102,2020,Май,Московское центральное кольцо,2284636,2493438664,05,2020-05-01
103,2020,Июнь,Автобус,47718968,2493438669,06,2020-06-01
104,2020,Июнь,Трамвай,8401189,2493438671,06,2020-06-01
105,2020,Июнь,Троллейбус,3010060,2493438673,06,2020-06-01
106,2020,Июнь,Электробус,2514830,2493438676,06,2020-06-01
107,2020,Июнь,Московский метрополитен,91282773,2493438680,06,2020-06-01
108,2020,Июнь,Московское центральное кольцо,5232851,2493438682,06,2020-06-01
109,2020,Июль,Автобус,67447216,2493438683,07,2020-07-01
110,2020,Июль,Трамвай,11212783,2493438685,07,2020-07-01
111,2020,Июль,Троллейбус,3556287,2493438686,07,2020-07-01
112,2020,Июль,Электробус,3867693,2493438687,07,2020-07-01
113,2020,Июль,Московский метрополитен,132697511,2493438688,07,2020-07-01
114,2020,Июль,Московское центральное кольцо,7463215,2493438689,07,2020-07-01
115,2020,Август,Автобус,71283709,2493438690,08,2020-08-01
116,2020,Август,Трамвай,12670171,2493438691,08,2020-08-01
117,2020,Август,Троллейбус,2047449,2493438692,08,2020-08-01
118,2020,Август,Электробус,4461827,2493438693,08,2020-08-01
119,2020,Август,Московский метрополитен,140630624,2493438694,08,2020-08-01
120,2020,Август,Московское центральное кольцо,7975840,2493438695,08,2020-08-01
121,2020,Сентябрь,Автобус,85028922,2493438696,09,2020-09-01
122,2020,Сентябрь,Трамвай,15788584,2493438697,09,2020-09-01
123,2020,Сентябрь,Троллейбус,11271,2493438698,09,2020-09-01
124,2020,Сентябрь,Электробус,5709898,2493438699,09,2020-09-01
125,2020,Сентябрь,Московский метрополитен,165626822,2493438700,09,2020-09-01
126,2020,Сентябрь,Московское центральное кольцо,9316246,2493438701,09,2020-09-01
127,2020,Октябрь,Автобус,70632248,2493438702,10,2020-10-01
128,2020,Октябрь,Трамвай,10237557,2493438703,10,2020-10-01
129,2020,Октябрь,Троллейбус,4174,2493438704,10,2020-10-01
130,2020,Октябрь,Электробус,4823143,2493438705,10,2020-10-01
131,2020,Октябрь,Московский метрополитен,146054106,2493438706,10,2020-10-01
132,2020,Октябрь,Московское центральное кольцо,8440819,2493438707,10,2020-10-01
133,2020,Ноябрь,Автобус,61016582,2493438708,11,2020-11-01
134,2020,Ноябрь,Трамвай,8754029,2493438709,11,2020-11-01
135,2020,Ноябрь,Троллейбус,5115,2493438710,11,2020-11-01
136,2020,Ноябрь,Электробус,4180157,2493438711,11,2020-11-01
137,2020,Ноябрь,Московский метрополитен,126327859,2493438712,11,2020-11-01
138,2020,Ноябрь,Московское центральное кольцо,7246957,2493438713,11,2020-11-01
139,2020,Декабрь,Автобус,64720311,2493438714,12,2020-12-01
140,2020,Декабрь,Трамвай,9871095,2493438715,12,2020-12-01
141,2020,Декабрь,Троллейбус,3641,2493438716,12,2020-12-01
142,2020,Декабрь,Электробус,4653367,2493438717,12,2020-12-01
143,2020,Декабрь,Московский метрополитен,139290419,2493438718,12,2020-12-01
144,2020,Декабрь,Московское центральное кольцо,7919772,2493438719,12,2020-12-01
145,2021,Январь,Автобус,53745456,2493438720,01,2021-01-01
146,2021,Январь,Трамвай,8114171,2493438721,01,2021-01-01
147,2021,Январь,Троллейбус,3348,2493438722,01,2021-01-01
148,2021,Январь,Электробус,3966752,2493438723,01,2021-01-01
149,2021,Январь,Московский метрополитен,117110706,2493438724,01,2021-01-01
150,2021,Январь,Московское центральное кольцо,6434151,2493438725,01,2021-01-01
151,2021,Февраль,Автобус,63602033,2493438726,02,2021-02-01
152,2021,Февраль,Трамвай,9620990,2493438727,02,2021-02-01
153,2021,Февраль,Троллейбус,3789,2493438728,02,2021-02-01
154,2021,Февраль,Электробус,4945335,2493438729,02,2021-02-01
155,2021,Февраль,Московский метрополитен,140480567,2493438730,02,2021-02-01
156,2021,Февраль,Московское центральное кольцо,7684030,2493438731,02,2021-02-01
157,2021,Март,Автобус,86075640,2493438732,03,2021-03-01
158,2021,Март,Трамвай,12990137,2493438733,03,2021-03-01
159,2021,Март,Троллейбус,6324,2493438734,03,2021-03-01
160,2021,Март,Электробус,6823693,2493438735,03,2021-03-01
161,2021,Март,Московский метрополитен,171908954,2493438736,03,2021-03-01
162,2021,Март,Московское центральное кольцо,9521215,2493438737,03,2021-03-01
163,2021,Апрель,Автобус,88163052,2493438738,04,2021-04-01
164,2021,Апрель,Трамвай,14376953,2493438739,04,2021-04-01
165,2021,Апрель,Троллейбус,5918,2493438740,04,2021-04-01
166,2021,Апрель,Электробус,7455515,2493438741,04,2021-04-01
167,2021,Апрель,Московский метрополитен,176388183,2493438742,04,2021-04-01
168,2021,Апрель,Московское центральное кольцо,9930171,2493438743,04,2021-04-01
169,2021,Май,Автобус,72165204,2493438744,05,2021-05-01
170,2021,Май,Трамвай,13654377,2493438745,05,2021-05-01
171,2021,Май,Троллейбус,6249,2493438746,05,2021-05-01
172,2021,Май,Электробус,6427336,2493438747,05,2021-05-01
173,2021,Май,Московский метрополитен,155833746,2493438748,05,2021-05-01
174,2021,Май,Московское центральное кольцо,8934836,2493438749,05,2021-05-01
175,2021,Июнь,Автобус,68206447,2493438750,06,2021-06-01
176,2021,Июнь,Трамвай,13082360,2493438751,06,2021-06-01
177,2021,Июнь,Троллейбус,4544,2493438752,06,2021-06-01
178,2021,Июнь,Электробус,6443459,2493438753,06,2021-06-01
179,2021,Июнь,Московский метрополитен,153206515,2493438754,06,2021-06-01
180,2021,Июнь,Московское центральное кольцо,9002631,2493438755,06,2021-06-01
181,2021,Июль,Автобус,62848228,2493438756,07,2021-07-01
182,2021,Июль,Трамвай,11735376,2493438757,07,2021-07-01
183,2021,Июль,Троллейбус,5375,2493438758,07,2021-07-01
184,2021,Июль,Электробус,6779398,2493438759,07,2021-07-01
185,2021,Июль,Московский метрополитен,143543961,2493438760,07,2021-07-01
186,2021,Июль,Московское центральное кольцо,8734736,2493438761,07,2021-07-01
187,2021,Август,Автобус,66343743,2493438762,08,2021-08-01
188,2021,Август,Трамвай,11558217,2493438763,08,2021-08-01
189,2021,Август,Троллейбус,5388,2493438764,08,2021-08-01
190,2021,Август,Электробус,7722428,2493438765,08,2021-08-01
191,2021,Август,Московский метрополитен,152691660,2493438766,08,2021-08-01
192,2021,Август,Московское центральное кольцо,9106638,2493438767,08,2021-08-01
193,2021,Сентябрь,Автобус,75659511,2493438768,09,2021-09-01
194,2021,Сентябрь,Трамвай,13689250,2493438769,09,2021-09-01
195,2021,Сентябрь,Троллейбус,4911,2493438770,09,2021-09-01
196,2021,Сентябрь,Электробус,9098291,2493438771,09,2021-09-01
197,2021,Сентябрь,Московский метрополитен,174228767,2493438772,09,2021-09-01
198,2021,Сентябрь,Московское центральное кольцо,10263802,2493438773,09,2021-09-01
199,2021,Октябрь,Автобус,77583528,2493438774,10,2021-10-01
200,2021,Октябрь,Трамвай,13659168,2493438775,10,2021-10-01
201,2021,Октябрь,Троллейбус,4667,2493438776,10,2021-10-01
202,2021,Октябрь,Электробус,9330775,2493438777,10,2021-10-01
203,2021,Октябрь,Московский метрополитен,174362919,2493438778,10,2021-10-01
204,2021,Октябрь,Московское центральное кольцо,10287091,2493438779,10,2021-10-01
205,2021,Ноябрь,Автобус,67413502,2493438780,11,2021-11-01
206,2021,Ноябрь,Трамвай,12066231,2493438781,11,2021-11-01
207,2021,Ноябрь,Троллейбус,5605,2493438782,11,2021-11-01
208,2021,Ноябрь,Электробус,8178655,2493438783,11,2021-11-01
209,2021,Ноябрь,Московский метрополитен,153748864,2493438784,11,2021-11-01
210,2021,Ноябрь,Московское центральное кольцо,9141398,2493438785,11,2021-11-01
211,2021,Декабрь,Автобус,73918741,2493438786,12,2021-12-01
212,2021,Декабрь,Трамвай,14104652,2493438787,12,2021-12-01
213,2021,Декабрь,Троллейбус,6467,2493438788,12,2021-12-01
214,2021,Декабрь,Электробус,9046186,2493438789,12,2021-12-01
215,2021,Декабрь,Московский метрополитен,187120649,2493438790,12,2021-12-01
216,2021,Декабрь,Московское центральное кольцо,10399351,2493438791,12,2021-12-01
217,2022,Январь,Автобус,59364162,2493438792,01,2022-01-01
218,2022,Январь,Трамвай,10918035,2493438793,01,2022-01-01
219,2022,Январь,Троллейбус,4577,2493438794,01,2022-01-01
220,2022,Январь,Электробус,7189045,2493438795,01,2022-01-01
221,2022,Январь,Московский метрополитен,142658611,2493438796,01,2022-01-01
222,2022,Январь,Московское центральное кольцо,7681798,2493438797,01,2022-01-01
223,2022,Февраль,Автобус,63917701,2493438798,02,2022-02-01
224,2022,Февраль,Трамвай,11850474,2493438799,02,2022-02-01
225,2022,Февраль,Троллейбус,4288,2493438800,02,2022-02-01
226,2022,Февраль,Электробус,7979050,2493438801,02,2022-02-01
227,2022,Февраль,Московский метрополитен,148920373,2493438802,02,2022-02-01
228,2022,Февраль,Московское центральное кольцо,8189925,2493438803,02,2022-02-01
229,2022,Март,Автобус,80917573,2493438804,03,2022-03-01
230,2022,Март,Трамвай,15143737,2493438805,03,2022-03-01
231,2022,Март,Троллейбус,5356,2493438806,03,2022-03-01
232,2022,Март,Электробус,10285547,2493438807,03,2022-03-01
233,2022,Март,Московский метрополитен,186258565,2493438808,03,2022-03-01
234,2022,Март,Московское центральное кольцо,10414015,2493438809,03,2022-03-01
235,2022,Апрель,Автобус,79354867,2493438810,04,2022-04-01
236,2022,Апрель,Трамвай,14714368,2493438811,04,2022-04-01
238,2022,Апрель,Электробус,10286813,2493438812,04,2022-04-01
239,2022,Апрель,Московский метрополитен,181107491,2493438813,04,2022-04-01
240,2022,Апрель,Московское центральное кольцо,10155687,2493438814,04,2022-04-01
241,2022,Май,Автобус,71600792,2493438815,05,2022-05-01
242,2022,Май,Трамвай,12680296,2493438816,05,2022-05-01
243,2022,Май,Электробус,9290117,2493438817,05,2022-05-01
244,2022,Май,Московский метрополитен,171024148,2493438818,05,2022-05-01
245,2022,Май,Московское центральное кольцо,9637620,2493438819,05,2022-05-01
246,2022,Июнь,Автобус,71251474,2493438820,06,2022-06-01
247,2022,Июнь,Трамвай,12355262,2493438821,06,2022-06-01
248,2022,Июнь,Электробус,9383242,2493438822,06,2022-06-01
249,2022,Июнь,Московский метрополитен,178147631,2493438823,06,2022-06-01
250,2022,Июнь,Московское центральное кольцо,10238476,2493438824,06,2022-06-01
251,2022,Июль,Автобус,65526491,2493438825,07,2022-07-01
252,2022,Июль,Трамвай,10373538,2493438826,07,2022-07-01
253,2022,Июль,Электробус,8749035,2493438827,07,2022-07-01
254,2022,Июль,Московский метрополитен,164627020,2493438828,07,2022-07-01
255,2022,Июль,Московское центральное кольцо,9509607,2493438829,07,2022-07-01
256,2022,Август,Автобус,67510139,2493438830,08,2022-08-01
257,2022,Август,Трамвай,10682660,2493438831,08,2022-08-01
258,2022,Август,Электробус,9224035,2493438832,08,2022-08-01
259,2022,Август,Московский метрополитен,166304946,2493438833,08,2022-08-01
260,2022,Август,Московское центральное кольцо,9626389,2493438834,08,2022-08-01
261,2022,Сентябрь,Автобус,76520857,2493438835,09,2022-09-01
262,2022,Сентябрь,Трамвай,12833097,2493438836,09,2022-09-01
263,2022,Сентябрь,Электробус,10697681,2493438837,09,2022-09-01
264,2022,Сентябрь,Московский метрополитен,183159860,2493438838,09,2022-09-01
265,2022,Сентябрь,Московское центральное кольцо,10412017,2493438839,09,2022-09-01
266,2022,Октябрь,Автобус,81671619,2493438840,10,2022-10-01
267,2022,Октябрь,Трамвай,13551334,2493438841,10,2022-10-01
268,2022,Октябрь,Электробус,11553998,2493438842,10,2022-10-01
269,2022,Октябрь,Московский метрополитен,184305526,2493438843,10,2022-10-01
270,2022,Октябрь,Московское центральное кольцо,10385818,2493438844,10,2022-10-01
271,2022,Ноябрь,Автобус,79071741,2493438845,11,2022-11-01
272,2022,Ноябрь,Трамвай,13423940,2493438846,11,2022-11-01
273,2022,Ноябрь,Электробус,11280527,2493438847,11,2022-11-01
274,2022,Ноябрь,Московский метрополитен,178357666,2493438848,11,2022-11-01
275,2022,Ноябрь,Московское центральное кольцо,10425247,2493438849,11,2022-11-01
276,2022,Декабрь,Автобус,80331030,2493439084,12,2022-12-01
277,2022,Декабрь,Трамвай,13759655,2493439130,12,2022-12-01
278,2022,Декабрь,Электробус,11470406,2493439157,12,2022-12-01
279,2022,Декабрь,Московский метрополитен,185600889,2493439228,12,2022-12-01
280,2022,Декабрь,Московское центральное кольцо,10609368,2493439267,12,2022-12-01
281,2023,Январь,Автобус,68373364,2535656881,01,2023-01-01
282,2023,Январь,Трамвай,11521891,2535656896,01,2023-01-01
283,2023,Январь,Электробус,9661201,2535656903,01,2023-01-01
284,2023,Январь,Московский метрополитен,153954763,2535657735,01,2023-01-01
285,2023,Январь,Московское центральное кольцо,8639362,2535657744,01,2023-01-01
286,2023,Февраль,Автобус,71087632,2577494613,02,2023-02-01
287,2023,Февраль,Трамвай,12402640,2577494628,02,2023-02-01
288,2023,Февраль,Электробус,10080845,2577494630,02,2023-02-01
289,2023,Февраль,Московский метрополитен,157554035,2577494633,02,2023-02-01
290,2023,Февраль,Московское центральное кольцо,9162294,2577494634,02,2023-02-01
291,2023,Март,Автобус,84816472,2580712788,03,2023-03-01
292,2023,Март,Трамвай,15106341,2580712796,03,2023-03-01
293,2023,Март,Электробус,12043851,2580712806,03,2023-03-01
294,2023,Март,Московский метрополитен,191019289,2580712810,03,2023-03-01
295,2023,Март,Московское центральное кольцо,10580664,2580712827,03,2023-03-01
296,2023,Апрель,Автобус,80802741,2587548161,04,2023-04-01
297,2023,Апрель,Трамвай,14658525,2587548170,04,2023-04-01
298,2023,Апрель,Электробус,11815062,2587548189,04,2023-04-01
299,2023,Апрель,Московский метрополитен,185367938,2587548208,04,2023-04-01
300,2023,Апрель,Московское центральное кольцо,10131742,2587548219,04,2023-04-01
301,2023,Май,Автобус,76790911,2591776866,05,2023-05-01
302,2023,Май,Трамвай,13789826,2591776867,05,2023-05-01
303,2023,Май,Электробус,10904093,2591776868,05,2023-05-01
304,2023,Май,Московский метрополитен,182834735,2591776876,05,2023-05-01
305,2023,Май,Московское центральное кольцо,10156334,2591776886,05,2023-05-01
306,2023,Июнь,Автобус,73253331,2601920096,06,2023-06-01
307,2023,Июнь,Трамвай,12837893,2601920103,06,2023-06-01
308,2023,Июнь,Электробус,10211779,2601920105,06,2023-06-01
309,2023,Июнь,Московский метрополитен,179465789,2601920108,06,2023-06-01
310,2023,Июнь,Московское центральное кольцо,9807073,2601920113,06,2023-06-01
311,2023,Июль,Автобус,68398612,2606928737,07,2023-07-01
312,2023,Июль,Трамвай,11372091,2606928764,07,2023-07-01
313,2023,Июль,Электробус,9684212,2606928792,07,2023-07-01
314,2023,Июль,Московский метрополитен,168481855,2606928815,07,2023-07-01
315,2023,Июль,Московское центральное кольцо,9196980,2606928841,07,2023-07-01
316,2023,Август,Автобус,71560776,2615540829,08,2023-08-01
317,2023,Август,Трамвай,12036829,2615540959,08,2023-08-01
318,2023,Август,Электробус,10622492,2615540998,08,2023-08-01
319,2023,Август,Московский метрополитен,173727680,2615541020,08,2023-08-01
320,2023,Август,Московское центральное кольцо,9686293,2615541028,08,2023-08-01
321,2023,Сентябрь,Автобус,79832992,2622144546,09,2023-09-01
322,2023,Сентябрь,Трамвай,14297423,2622144560,09,2023-09-01
323,2023,Сентябрь,Электробус,12093262,2622144562,09,2023-09-01
324,2023,Сентябрь,Московский метрополитен,189321653,2622144564,09,2023-09-01
325,2023,Сентябрь,Московское центральное кольцо,10513578,2622144565,09,2023-09-01
326,2023,Октябрь,Автобус,85567633,2633514110,10,2023-10-01
327,2023,Октябрь,Трамвай,15551262,2633514120,10,2023-10-01
328,2023,Октябрь,Электробус,13207610,2633514138,10,2023-10-01
329,2023,Октябрь,Московский метрополитен,196942195,2633514151,10,2023-10-01
330,2023,Октябрь,Московское центральное кольцо,10631877,2633514163,10,2023-10-01
331,2023,Ноябрь,Автобус,84690744,2639121311,11,2023-11-01
332,2023,Ноябрь,Трамвай,15833268,2639121313,11,2023-11-01
333,2023,Ноябрь,Электробус,13131644,2639121320,11,2023-11-01
334,2023,Ноябрь,Московский метрополитен,193186782,2639121333,11,2023-11-01
335,2023,Ноябрь,Московское центральное кольцо,10323984,2639121341,11,2023-11-01
336,2023,Декабрь,Автобус,85049712,2641220866,12,2023-12-01
337,2023,Декабрь,Трамвай,15953940,2641220885,12,2023-12-01
338,2023,Декабрь,Электробус,13681003,2641220898,12,2023-12-01
339,2023,Декабрь,Московский метрополитен,197730111,2641220914,12,2023-12-01
340,2023,Декабрь,Московское центральное кольцо,10036206,2641220927,12,2023-12-01
341,2024,Январь,Автобус,72998241,2645548091,01,2024-01-01
342,2024,Январь,Трамвай,13925842,2645548103,01,2024-01-01
343,2024,Январь,Электробус,11569243,2645548128,01,2024-01-01
344,2024,Январь,Московский метрополитен,167937736,2645548133,01,2024-01-01
345,2024,Январь,Московское центральное кольцо,8542237,2645548159,01,2024-01-01
346,2024,Февраль,Автобус,82328184,2657079400,02,2024-02-01
347,2024,Февраль,Трамвай,15699092,2657079513,02,2024-02-01
348,2024,Февраль,Электробус,13168517,2657079615,02,2024-02-01
349,2024,Февраль,Московский метрополитен,184532666,2657079729,02,2024-02-01
350,2024,Февраль,Московское центральное кольцо,9515057,2657079807,02,2024-02-01
351,2024,Март,Автобус,89769033,2663693785,03,2024-03-01
352,2024,Март,Трамвай,17321179,2663693787,03,2024-03-01
353,2024,Март,Электробус,14908004,2663693790,03,2024-03-01
354,2024,Март,Московский метрополитен,194238974,2663693794,03,2024-03-01
355,2024,Март,Московское центральное кольцо,10134800,2663693796,03,2024-03-01
356,2024,Апрель,Автобус,87430540,2671753667,04,2024-04-01
357,2024,Апрель,Трамвай,17381517,2671753674,04,2024-04-01
358,2024,Апрель,Электробус,15622663,2671753681,04,2024-04-01
359,2024,Апрель,Московский метрополитен,193694860,2671753763,04,2024-04-01
360,2024,Апрель,Московское центральное кольцо,10425323,2671753767,04,2024-04-01
361,2024,Май,Автобус,78222622,2682801895,05,2024-05-01
362,2024,Май,Трамвай,16568028,2682801964,05,2024-05-01
363,2024,Май,Электробус,15427054,2682802054,05,2024-05-01
364,2024,Май,Московский метрополитен,188650828,2682802130,05,2024-05-01
365,2024,Май,Московское центральное кольцо,10211843,2682802202,05,2024-05-01
366,2024,Июнь,Автобус,69521289,2688522464,06,2024-06-01
367,2024,Июнь,Трамвай,15029397,2688522468,06,2024-06-01
368,2024,Июнь,Электробус,14999549,2688522470,06,2024-06-01
369,2024,Июнь,Московский метрополитен,179103407,2688522472,06,2024-06-01
370,2024,Июнь,Московское центральное кольцо,9868160,2688522482,06,2024-06-01
371,2024,Июль,Автобус,66376254,2693204875,07,2024-07-01
372,2024,Июль,Трамвай,14609556,2693204877,07,2024-07-01
373,2024,Июль,Электробус,16139069,2693204881,07,2024-07-01
374,2024,Июль,Московский метрополитен,176362954,2693204884,07,2024-07-01
375,2024,Июль,Московское центральное кольцо,10237087,2693204887,07,2024-07-01
376,2024,Август,Автобус,66417956,2699733326,08,2024-08-01
377,2024,Август,Трамвай,14442610,2699733338,08,2024-08-01
378,2024,Август,Электробус,16862112,2699733345,08,2024-08-01
379,2024,Август,Московский метрополитен,174861878,2699733350,08,2024-08-01
380,2024,Август,Московское центральное кольцо,10113857,2699733354,08,2024-08-01
381,2024,Сентябрь,Автобус,72967078,2703084520,09,2024-09-01
382,2024,Сентябрь,Трамвай,16623958,2703084580,09,2024-09-01
383,2024,Сентябрь,Электробус,19394875,2703084670,09,2024-09-01
384,2024,Сентябрь,Московский метрополитен,190948549,2703084851,09,2024-09-01
385,2024,Сентябрь,Московское центральное кольцо,10888768,2703084966,09,2024-09-01
386,2024,Октябрь,Автобус,80817416,2706595218,10,2024-10-01
387,2024,Октябрь,Трамвай,18269321,2706595225,10,2024-10-01
388,2024,Октябрь,Электробус,22523368,2706595229,10,2024-10-01
389,2024,Октябрь,Московский метрополитен,206664134,2706595231,10,2024-10-01
390,2024,Октябрь,Московское центральное кольцо,11579062,2706595233,10,2024-10-01
391,2024,Ноябрь,Автобус,79060494,2716406339,11,2024-11-01
392,2024,Ноябрь,Трамвай,17379414,2716406388,11,2024-11-01
393,2024,Ноябрь,Электробус,23116380,2716406420,11,2024-11-01
394,2024,Ноябрь,Московский метрополитен,195405688,2716406442,11,2024-11-01
395,2024,Ноябрь,Московское центральное кольцо,10765672,2716406512,11,2024-11-01
396,2024,Декабрь,Автобус,81184088,2721394256,12,2024-12-01
397,2024,Декабрь,Трамвай,19289332,2721394302,12,2024-12-01
398,2024,Декабрь,Электробус,23904777,2721394474,12,2024-12-01
399,2024,Декабрь,Московский метрополитен,205402997,2721394699,12,2024-12-01
400,2024,Декабрь,Московское центральное кольцо,10797018,2721394803,12,2024-12-01
4001,2025,Январь,Автобус,70569398,2752441075,01,2025-01-01
4002,2025,Январь,Трамвай,16264325,2752441095,01,2025-01-01
4003,2025,Январь,Электробус,20883482,2752441113,01,2025-01-01
4004,2025,Январь,Московский метрополитен,172613895,2752441119,01,2025-01-01
4005,2025,Январь,Московское центральное кольцо,9035744,2752441134,01,2025-01-01
4006,2025,Февраль,Автобус,74023674,2754765817,02,2025-02-01
4007,2025,Февраль,Трамвай,17486864,2754765828,02,2025-02-01
4008,2025,Февраль,Электробус,21993279,2754765859,02,2025-02-01
4009,2025,Февраль,Московский метрополитен,178701751,2754765873,02,2025-02-01
4010,2025,Февраль,Московское центральное кольцо,9637194,2754765879,02,2025-02-01
4011,2025,Март,Автобус,82058734,2755750262,03,2025-03-01
4012,2025,Март,Трамвай,19743210,2755750268,03,2025-03-01
4013,2025,Март,Электробус,24523956,2755750269,03,2025-03-01
4014,2025,Март,Московский метрополитен,199449319,2755750271,03,2025-03-01
4015,2025,Март,Московское центральное кольцо,9500620,2755750292,03,2025-03-01
4016,2025,Апрель,Автобус,82185412,2763895036,04,2025-04-01
4017,2025,Апрель,Трамвай,19360476,2763895102,04,2025-04-01
4018,2025,Апрель,Электробус,24548889,2763895118,04,2025-04-01
4019,2025,Апрель,Московский метрополитен,197204991,2763895120,04,2025-04-01
4020,2025,Апрель,Московское центральное кольцо,10554707,2763895123,04,2025-04-01
4021,2025,Май,Автобус,71063855,2786409364,05,2025-05-01
4022,2025,Май,Трамвай,17250848,2786409370,05,2025-05-01
4023,2025,Май,Электробус,23182935,2786409381,05,2025-05-01
4024,2025,Май,Московский метрополитен,182532573,2786409386,05,2025-05-01
4025,2025,Май,Московское центральное кольцо,10000275,2786409392,05,2025-05-01
4026,2025,Июнь,Автобус,65036026,2791619020,06,2025-06-01
4027,2025,Июнь,Трамвай,15659056,2791619025,06,2025-06-01
4028,2025,Июнь,Электробус,21926471,2791619036,06,2025-06-01
4029,2025,Июнь,Московский метрополитен,177885859,2791619039,06,2025-06-01
4030,2025,Июнь,Московское центральное кольцо,9850407,2791619042,06,2025-06-01
4031,2025,Июль,Автобус,63277073,2795878026,07,2025-07-01
4032,2025,Июль,Трамвай,15335170,2795878029,07,2025-07-01
4033,2025,Июль,Электробус,22436712,2795878037,07,2025-07-01
4034,2025,Июль,Московский метрополитен,177672720,2795878039,07,2025-07-01
4035,2025,Июль,Московское центральное кольцо,9853314,2795878044,07,2025-07-01
4036,2025,Август,Автобус,62263195,2800915622,08,2025-08-01
4037,2025,Август,Трамвай,15196860,2800915625,08,2025-08-01
4038,2025,Август,Электробус,22557985,2800915628,08,2025-08-01
4039,2025,Август,Московский метрополитен,170809437,2800915630,08,2025-08-01
4040,2025,Август,Московское центральное кольцо,9059164,2800915640,08,2025-08-01
4041,2025,Сентябрь,Автобус,72132246,2808271600,09,2025-09-01
4042,2025,Сентябрь,Трамвай,18560809,2808271662,09,2025-09-01
4043,2025,Сентябрь,Электробус,26364545,2808271702,09,2025-09-01
4044,2025,Сентябрь,Московский метрополитен,201332013,2808271729,09,2025-09-01
4045,2025,Сентябрь,Московское центральное кольцо,10914407,2808271777,09,2025-09-01
4046,2025,Октябрь,Автобус,63586166,2828144569,10,2025-10-01
4047,2025,Октябрь,Трамвай,20407262,2828144570,10,2025-10-01
4048,2025,Октябрь,Электробус,29336121,2828144571,10,2025-10-01
4049,2025,Октябрь,Московский метрополитен,210666355,2828144574,10,2025-10-01
4050,2025,Октябрь,Московское центральное кольцо,11392904,2828144575,10,2025-10-01
4051,2025,Ноябрь,Автобус,59115379,2836114101,11,2025-11-01
4052,2025,Ноябрь,Трамвай,19136849,2836114203,11,2025-11-01
4053,2025,Ноябрь,Электробус,28068769,2836114233,11,2025-11-01
4054,2025,Ноябрь,Московский метрополитен,192780375,2836114260,11,2025-11-01
4055,2025,Ноябрь,Московское центральное кольцо,10044648,2836114295,11,2025-11-01
